{
    "amount": 73200,
    "countGoods": 3,
    "contents": [
        {
            "quantity": 6,
            "id_product": 124,
            "product_name": "Keyboard",
            "price": 1600
        },
        {
            "quantity": 6,
            "id_product": 457,
            "product_name": "Gamepad",
            "price": 3000
        },
        {
            "quantity": 1,
            "id_product": 123,
            "product_name": "Ноутбук",
            "price": 45600
        }
    ]
}